Manager ID (#),DOB (dd-mm-yyyy),"Sex (female, male, prefer-not-to-say)","Region (APAC, UK & EMEA, USA)",Department,"Seniority (Colleague, Senior leader)",Hire Date (dd-mm-yyyy),Leadership rating - Commercial Acumn (360 rating),Leadership rating - Communication (360 rating),Leadership rating - Change Agility (360 rating),Leadership rating - Building Capability (360 rating),Leadership rating - Creating positive culture (360),# of previous Managerial roles,Turnover rate (as a % of team size for FY2023),Team size (#),2023 Team Engagement score (average eNPS),Full-Time Equivalent (FTE)
8826,09/12/1992,Female,APAC,Sales & Marketing,Colleague,9/1/2022,5.0,3.1,3.4,3.8,4.5,3.0,0,4,99,1.0
8681,20/02/1988,Male,APAC,Sales & Marketing,Colleague,12/13/2021,5.0,3.8,2.3,4.0,3.3,3.0,0,2,-21,1.0
8547,28/08/1979,Female,UK & EMEA,Research Department,Colleague,5/17/2021,5.0,3.3,2.1,4.2,4.3,4.0,0,5,69,1.0
8664,15/12/1978,Female,UK & EMEA,Research Department,Colleague,11/1/2021,5.0,3.3,2.6,3.6,3.5,3.0,0,4,46,1.0
8158,01/06/1987,Male,UK & EMEA,Sales & Marketing,Senior Leader,7/18/2016,5.0,3.5,2.9,4.3,4.3,4.0,0,4,-21,1.0
8796,12/09/1970,Female,USA,Research Department,Colleague,7/18/2022,5.0,4.1,3.3,3.9,3.4,6.0,0,5,47,1.0
8595,07/02/1999,Female,UK & EMEA,Research Department,Colleague,8/2/2021,5.0,3.4,2.4,4.9,3.5,2.0,0,3,74,1.0
8330,24/04/1991,Male,USA,IT Department,Colleague,5/27/2019,5.0,4.0,2.1,3.7,4.6,3.0,0,2,93,1.0
8820,11/02/1994,Female,UK & EMEA,IT Department,Colleague,8/22/2022,5.0,4.4,2.6,3.8,3.6,3.0,0,1,-10,1.0
8750,24/01/1983,Female,UK & EMEA,Human Resources,Colleague,5/11/2022,5.0,4.4,3.6,3.7,3.4,5.0,0,4,93,1.0
8635,10/03/1999,Male,APAC,Research Department,Colleague,9/22/2021,5.0,4.1,3.4,3.6,4.4,3.0,0,1,79,1.0
8243,08/12/1993,Female,APAC,Manufacturing,Colleague,3/19/2018,5.0,4.0,2.9,3.7,4.5,3.0,0,4,9,1.0
8324,01/12/1995,Female,APAC,Manufacturing,Colleague,4/15/2019,4.9,4.5,3.0,5.0,4.5,3.0,0,2,34,1.0
8403,20/06/1991,Male,APAC,Sales & Marketing,Colleague,3/2/2020,4.9,4.0,3.1,3.3,3.2,4.0,0,3,87,1.0
8031,15/06/1985,Female,UK & EMEA,Research Department,Colleague,8/18/2008,4.9,4.0,2.6,4.3,4.5,5.0,0,1,69,1.0
8148,23/04/1974,Female,UK & EMEA,Finance,Senior Leader,11/2/2015,4.9,3.9,2.8,4.9,4.7,5.0,0,1,-7,0.9
8748,01/04/1988,Female,UK & EMEA,Sales & Marketing,Colleague,5/9/2022,4.9,3.3,2.8,3.9,3.5,2.0,0,2,5,1.0
8144,12/08/1984,Male,UK & EMEA,Sales & Marketing,Colleague,9/22/2015,4.9,4.2,3.2,4.7,3.6,5.0,0,5,40,1.0
8182,14/05/1993,Female,UK & EMEA,Sales & Marketing,Colleague,3/13/2017,4.9,3.4,2.8,3.8,3.8,3.0,0,2,-23,1.0
8942,14/03/1993,Female,APAC,Sales & Marketing,Colleague,3/13/2023,4.9,4.5,3.3,3.9,3.3,3.0,0,2,56,1.0
8873,23/09/1999,Male,UK & EMEA,Research Department,Colleague,10/24/2022,4.9,4.3,2.0,4.1,3.7,2.0,0,5,53,1.0
8892,07/02/2001,Male,UK & EMEA,Manufacturing,Colleague,11/14/2022,4.9,3.9,2.5,4.8,4.0,2.0,0,5,94,1.0
8703,21/03/1997,Female,UK & EMEA,Research Department,Colleague,1/31/2022,4.9,3.7,3.7,4.7,3.6,4.0,0,1,51,1.0
8526,28/01/1989,Male,USA,Manufacturing,Colleague,3/8/2021,4.9,3.7,2.2,3.8,4.1,3.0,0,4,59,1.0
8631,06/10/1997,Female,UK & EMEA,Research Department,Colleague,9/20/2021,4.9,4.7,2.5,4.3,4.0,2.0,0,5,68,1.0
8978,09/04/1978,Male,USA,Sales & Marketing,Senior Leader,6/19/2023,4.9,4.2,2.6,4.2,3.8,4.0,0,5,43,1.0
8462,04/09/1983,Female,UK & EMEA,Manufacturing,Senior Leader,8/24/2020,4.9,4.5,3.7,4.3,4.2,4.0,0,4,100,1.0
8735,03/04/1990,Female,UK & EMEA,Sales & Marketing,Colleague,4/11/2022,4.8,4.4,3.0,4.8,4.6,3.0,0,3,96,1.0
8384,01/05/1975,Female,USA,Manufacturing,Colleague,1/7/2020,4.8,3.5,4.2,4.2,4.2,3.0,0,2,97,1.0
8936,18/05/1976,Male,UK & EMEA,Finance,Colleague,2/13/2023,4.8,3.9,2.4,4.2,4.5,5.0,0,4,43,1.0
8716,16/12/1993,Female,USA,Sales & Marketing,Colleague,2/28/2022,4.8,4.4,3.0,4.9,4.9,2.0,0,2,5,1.0
8734,24/12/1998,Male,APAC,Manufacturing,Colleague,4/11/2022,4.8,3.8,2.6,3.7,3.3,2.0,0,2,4,1.0
8537,24/06/1997,Female,APAC,Research Department,Colleague,4/19/2021,4.8,4.0,1.9,4.5,4.3,4.0,0,4,75,1.0
8717,14/09/1990,Female,UK & EMEA,Sales & Marketing,Colleague,2/28/2022,4.8,4.6,1.8,3.9,4.1,2.0,0,2,91,1.0
8119,01/03/1965,Female,UK & EMEA,IT Department,Colleague,11/10/2014,4.8,3.6,2.8,3.3,3.7,4.0,0,5,63,1.0
8323,03/06/1972,Male,UK & EMEA,Sales & Marketing,Senior Leader,4/8/2019,4.8,4.1,3.3,3.5,3.6,5.0,0,2,80,1.0
8095,23/10/1991,Male,UK & EMEA,IT Department,Colleague,10/7/2013,4.8,4.0,2.4,4.5,3.8,2.0,0,1,96,1.0
8605,30/07/1981,Male,USA,Manufacturing,Colleague,8/10/2021,4.8,4.1,3.4,4.4,3.8,3.0,0,2,97,1.0
8663,25/07/1986,Male,APAC,Manufacturing,Colleague,11/1/2021,4.8,4.0,3.3,3.8,3.7,5.0,0,5,52,1.0
8618,10/09/1996,Female,APAC,Manufacturing,Colleague,9/6/2021,4.8,3.5,2.4,4.5,3.9,4.0,0,4,39,1.0
8751,19/11/1987,Female,UK & EMEA,Sales & Marketing,Colleague,5/16/2022,4.8,4.8,3.5,4.0,3.9,3.0,0,2,-13,1.0
8530,22/01/1997,Male,APAC,Manufacturing,Colleague,3/29/2021,4.8,3.4,2.8,3.7,3.3,4.0,0,4,51,1.0
8747,10/09/1995,Female,APAC,Research Department,Colleague,5/9/2022,4.7,3.5,2.8,3.6,3.9,3.0,0,4,82,1.0
8026,18/07/1984,Female,APAC,Manufacturing,Colleague,7/1/2007,4.7,4.6,3.4,4.3,4.8,4.0,0,1,65,1.0
8953,10/08/1990,Female,UK & EMEA,Sales & Marketing,Colleague,4/3/2023,4.7,4.2,4.0,4.5,3.4,2.0,0,4,100,1.0
8818,25/01/1989,Male,USA,Manufacturing,Colleague,8/16/2022,4.7,4.8,2.4,3.2,3.4,2.0,0,4,84,1.0
8653,16/08/1986,Male,UK & EMEA,Finance,Colleague,10/18/2021,4.7,3.3,3.7,3.7,4.1,3.0,0,5,41,1.0
8843,30/07/1995,Female,USA,Sales & Marketing,Colleague,9/19/2022,4.7,4.4,3.6,4.0,4.2,3.0,0,5,35,1.0
8086,10/07/1988,Female,APAC,Research Department,Colleague,11/7/2012,4.7,3.9,2.9,4.3,4.3,3.0,0,2,73,1.0
8123,10/12/1992,Female,APAC,Manufacturing,Colleague,12/15/2014,4.7,3.3,3.6,3.5,3.8,3.0,0,5,63,1.0
8901,14/05/1996,Male,USA,Manufacturing,Colleague,12/5/2022,4.7,4.7,2.1,4.0,3.6,3.0,0,4,19,1.0
8029,04/12/1977,Male,APAC,IT Department,Colleague,1/19/2008,4.7,3.4,2.5,4.2,3.8,3.0,0,5,57,1.0
8369,20/07/1997,Male,APAC,Manufacturing,Colleague,11/4/2019,4.7,3.2,2.4,4.1,3.6,3.0,0,2,-15,1.0
8147,10/11/1977,Male,UK & EMEA,IT Department,Colleague,10/19/2015,4.7,3.7,3.4,4.6,4.7,5.0,0,5,40,1.0
8704,25/06/1991,Male,UK & EMEA,Sales & Marketing,Colleague,1/31/2022,4.7,3.6,4.1,4.1,4.3,4.0,0,2,44,1.0
8225,28/04/1980,Female,UK & EMEA,Sales & Marketing,Senior Leader,1/2/2018,4.7,3.9,2.8,3.6,4.3,4.0,0,4,20,1.0
8057,17/06/1956,Female,USA,Sales & Marketing,Colleague,4/11/2011,4.7,4.3,3.6,4.0,3.5,6.0,0,4,74,1.0
8099,08/04/1958,Male,UK & EMEA,Research Department,Colleague,11/18/2013,4.6,3.8,2.3,3.9,4.7,4.0,0,4,96,1.0
8815,12/02/1983,Female,UK & EMEA,Sales & Marketing,Colleague,8/15/2022,4.6,4.3,2.6,4.3,3.7,5.0,0,5,60,1.0
8393,17/04/1979,Male,UK & EMEA,IT Department,Colleague,1/27/2020,4.6,3.4,2.1,4.5,4.0,4.0,0,1,49,1.0
8777,19/08/1978,Female,USA,Manufacturing,Colleague,6/29/2022,4.6,3.5,3.0,3.6,3.1,5.0,0,2,47,1.0
8584,10/12/1992,Male,USA,Manufacturing,Colleague,7/19/2021,4.6,3.9,3.4,3.9,3.7,2.0,0,4,15,1.0
8199,16/12/1993,Male,UK & EMEA,Sales & Marketing,Colleague,7/31/2017,4.6,3.6,3.1,3.9,4.6,2.0,0,2,-25,1.0
8070,02/02/1989,Female,APAC,Research Department,Colleague,3/12/2012,4.6,4.2,2.4,4.3,4.8,4.0,0,4,86,1.0
8651,09/04/1996,Male,APAC,Sales & Marketing,Colleague,10/11/2021,4.6,3.6,3.2,3.8,3.8,4.0,0,5,76,1.0
8191,03/06/1990,Female,UK & EMEA,Human Resources,Colleague,4/24/2017,4.6,3.3,3.8,4.1,3.9,3.0,0,4,37,1.0
8440,03/05/1968,Male,USA,IT Department,Colleague,5/26/2020,4.6,3.9,2.8,4.3,4.2,5.0,0,1,-3,1.0
8952,16/06/1967,Male,UK & EMEA,Manufacturing,Colleague,4/3/2023,4.6,4.3,2.5,3.6,4.0,6.0,0,2,27,1.0
8567,26/06/1980,Male,UK & EMEA,Sales & Marketing,Colleague,6/21/2021,4.6,3.6,2.8,4.7,4.0,4.0,0,5,98,1.0
8667,07/08/1990,Male,UK & EMEA,Manufacturing,Colleague,11/8/2021,4.6,3.6,2.7,3.8,4.2,3.0,0,4,23,1.0
8430,17/03/1990,Female,UK & EMEA,Human Resources,Colleague,4/27/2020,4.6,4.4,3.1,4.5,4.5,3.0,0,1,44,1.0
8541,25/05/1988,Male,USA,Human Resources,Colleague,5/3/2021,4.6,4.5,2.6,4.5,3.6,3.0,0,4,28,1.0
8705,07/09/1996,Male,USA,Manufacturing,Colleague,1/31/2022,4.6,3.7,2.6,4.4,3.9,3.0,0,4,46,1.0
8821,31/10/1994,Male,UK & EMEA,Sales & Marketing,Colleague,8/22/2022,4.6,4.3,2.7,3.9,3.5,3.0,0,4,86,1.0
8760,16/08/1986,Female,USA,Sales & Marketing,Colleague,5/24/2022,4.6,4.4,4.0,3.9,3.7,3.0,0,5,93,1.0
8262,02/12/1970,Male,UK & EMEA,Research Department,Senior Leader,8/6/2018,4.5,4.1,2.0,4.5,4.7,4.0,0,1,81,1.0
8636,16/08/1998,Female,APAC,Manufacturing,Colleague,9/22/2021,4.5,3.8,3.2,4.0,4.5,2.0,0,4,39,1.0
8139,21/10/1952,Male,UK & EMEA,Human Resources,Colleague,9/1/2015,4.5,4.5,4.0,4.7,3.6,6.0,0,4,38,1.0
8035,11/06/1985,Female,UK & EMEA,Sales & Marketing,Colleague,6/22/2009,4.5,3.5,3.5,3.8,4.7,5.0,0,5,94,0.9
8963,30/01/1993,Male,UK & EMEA,Manufacturing,Colleague,4/24/2023,4.5,3.8,2.7,3.8,3.3,4.0,0,4,35,1.0
8794,22/09/1990,Male,APAC,Manufacturing,Colleague,7/18/2022,4.5,4.2,3.3,4.4,4.8,4.0,0,2,71,1.0
8574,18/05/1999,Female,UK & EMEA,Manufacturing,Colleague,7/5/2021,4.5,3.7,2.9,4.8,4.0,3.0,0,5,38,1.0
8626,23/04/1974,Male,USA,Research Department,Senior Leader,9/7/2021,4.5,4.3,2.4,4.1,4.0,5.0,0,1,26,1.0
8465,13/10/1979,Male,USA,Research Department,Senior Leader,8/26/2020,4.5,4.0,3.7,3.9,3.8,4.0,0,4,85,1.0
8761,22/02/1983,Male,UK & EMEA,Human Resources,Senior Leader,5/30/2022,4.5,3.7,2.8,4.5,4.0,4.0,0,4,38,1.0
8168,21/10/1983,Female,UK & EMEA,Finance,Colleague,11/14/2016,4.5,4.3,4.0,3.6,3.9,3.0,0,4,100,1.0
8458,23/04/1996,Male,APAC,Research Department,Colleague,8/5/2020,4.5,4.7,2.6,4.1,3.4,2.0,0,4,7,1.0
8893,24/02/1991,Female,UK & EMEA,Sales & Marketing,Colleague,11/14/2022,4.5,3.9,2.6,3.9,3.6,3.0,0,4,83,1.0
8601,01/01/2000,Female,APAC,Manufacturing,Colleague,8/9/2021,4.5,4.8,3.6,4.2,3.9,2.0,0,2,40,1.0
8625,02/08/1994,Female,APAC,Manufacturing,Colleague,9/7/2021,4.5,3.3,2.4,3.1,4.4,4.0,0,4,38,1.0
8340,21/08/1988,Male,UK & EMEA,Manufacturing,Colleague,7/15/2019,4.4,3.9,3.2,3.4,4.0,4.0,0,1,26,1.0
8719,19/12/1987,Male,UK & EMEA,Research Department,Colleague,3/7/2022,4.4,4.4,2.5,3.6,3.8,2.0,0,4,86,1.0
8018,27/09/1982,Female,APAC,Research Department,Colleague,7/3/2006,4.4,3.3,2.4,4.0,4.0,4.0,0,4,75,1.0
8959,23/10/2000,Male,USA,Manufacturing,Colleague,4/12/2023,4.4,4.0,2.9,4.5,3.9,3.0,0,1,55,1.0
8196,29/05/1984,Female,UK & EMEA,Finance,Colleague,6/5/2017,4.4,3.7,3.4,4.1,4.7,4.0,0,4,42,1.0
8904,30/11/1988,Male,USA,Sales & Marketing,Colleague,12/12/2022,4.4,3.6,4.3,3.6,3.9,3.0,0,5,94,1.0
8540,21/10/1987,Male,UK & EMEA,Manufacturing,Colleague,4/26/2021,4.4,4.9,3.8,4.7,4.1,3.0,0,2,-21,1.0
8421,29/05/1991,Female,UK & EMEA,Research Department,Colleague,4/6/2020,4.4,4.0,3.9,3.3,3.3,2.0,0,2,-3,1.0
8609,15/04/1996,Female,APAC,Research Department,Colleague,8/23/2021,4.4,3.8,2.6,4.2,4.5,2.0,0,5,49,1.0
8195,10/09/1985,Female,USA,Research Department,Senior Leader,5/8/2017,4.4,4.5,3.7,3.6,4.7,4.0,0,2,-10,1.0
8829,24/06/1996,Male,UK & EMEA,Sales & Marketing,Colleague,9/5/2022,4.4,3.8,2.6,4.4,3.9,3.0,0,4,18,1.0
8051,02/09/1986,Male,APAC,Research Department,Colleague,8/30/2010,4.4,4.2,3.0,4.2,3.8,4.0,0,5,61,1.0
8969,25/12/1986,Male,UK & EMEA,Manufacturing,Colleague,5/15/2023,4.4,3.5,4.4,3.5,3.2,2.0,0,2,72,1.0
8514,14/02/1994,Male,USA,Manufacturing,Colleague,1/5/2021,4.4,3.0,3.7,4.3,3.7,3.0,0,1,10,1.0
8450,13/11/1989,Female,APAC,Sales & Marketing,Colleague,7/6/2020,4.4,4.1,3.1,3.0,3.5,2.0,0,2,35,1.0
8781,14/10/1998,Female,APAC,Research Department,Colleague,7/4/2022,4.4,3.8,1.8,4.2,4.1,3.0,0,4,85,1.0
8590,11/08/1993,Male,UK & EMEA,Research Department,Colleague,7/26/2021,4.4,4.5,3.3,3.8,4.7,2.0,0,3,76,1.0
8579,04/02/1987,Female,USA,Sales & Marketing,Colleague,7/12/2021,4.4,3.7,3.3,4.0,3.9,3.0,0,5,97,1.0
8368,18/07/1992,Female,USA,Sales & Marketing,Colleague,10/29/2019,4.4,3.9,2.9,4.2,4.6,2.0,0,5,41,1.0
8491,29/01/1991,Female,APAC,Research Department,Colleague,11/2/2020,4.4,3.7,3.0,4.0,4.0,2.0,0,13,90,1.0
8317,07/12/1977,Female,USA,Sales & Marketing,Colleague,3/14/2019,4.3,3.6,2.7,3.9,3.9,4.0,0,2,60,1.0
8965,01/10/1996,Female,UK & EMEA,IT Department,Colleague,4/24/2023,4.3,3.9,3.3,4.7,3.9,2.0,0,3,88,1.0
8740,28/08/1985,Female,UK & EMEA,Finance,Colleague,4/25/2022,4.3,4.3,1.9,3.9,4.4,4.0,0,5,27,1.0
8589,16/08/1992,Male,APAC,Research Department,Colleague,7/26/2021,4.3,4.1,1.5,3.5,3.1,4.0,0,4,37,1.0
8501,02/02/1990,Male,UK & EMEA,Research Department,Colleague,11/16/2020,4.3,3.9,2.8,4.2,4.1,3.0,0,4,78,1.0
8432,19/07/1986,Male,APAC,Sales & Marketing,Colleague,5/6/2020,4.3,3.8,3.4,3.4,4.7,3.0,0,5,27,1.0
8067,01/08/1972,Female,APAC,Manufacturing,Colleague,2/21/2012,4.3,3.9,3.9,4.2,3.7,5.0,0,4,89,1.0
8355,22/08/1980,Male,USA,Sales & Marketing,Colleague,9/3/2019,4.3,3.9,3.5,3.8,3.9,4.0,0,15,70,1.0
8866,07/01/1975,Male,USA,Research Department,Colleague,10/17/2022,4.3,4.3,2.8,4.0,4.6,3.0,0,2,82,1.0
8712,30/10/1993,Female,APAC,Research Department,Colleague,2/14/2022,4.3,3.4,2.3,3.8,3.9,2.0,0,5,63,1.0
8984,10/12/1973,Female,USA,Research Department,Colleague,7/1/2023,4.2,3.7,3.8,3.9,4.2,5.0,0,1,98,1.0
8985,06/01/1970,Female,USA,Manufacturing,Senior Leader,7/1/2023,4.2,4.4,3.1,3.4,3.6,6.0,0,4,87,1.0
8698,05/03/1997,Male,USA,Manufacturing,Colleague,1/17/2022,4.2,4.1,4.0,3.6,4.2,3.0,0,2,-13,1.0
8610,01/12/1982,Female,USA,Manufacturing,Colleague,8/23/2021,4.2,3.8,3.4,4.5,3.7,3.0,0,5,100,1.0
8515,06/04/1970,Female,UK & EMEA,Research Department,Colleague,1/11/2021,4.2,4.7,3.4,4.0,4.1,4.0,0,4,87,1.0
8129,12/06/1991,Male,UK & EMEA,IT Department,Colleague,5/18/2015,4.2,3.9,2.9,4.3,4.4,3.0,0,4,97,1.0
8848,12/08/1991,Male,UK & EMEA,Finance,Colleague,9/26/2022,4.2,4.3,3.2,4.3,4.2,4.0,0,4,58,1.0
8443,25/02/1976,Female,UK & EMEA,Research Department,Senior Leader,6/8/2020,4.2,4.2,2.9,4.5,3.4,5.0,0,4,81,1.0
8134,02/12/1983,Female,USA,Research Department,Colleague,7/6/2015,4.2,4.2,2.8,3.3,4.2,4.0,0,4,57,1.0
8419,25/06/1990,Female,UK & EMEA,Manufacturing,Colleague,4/6/2020,4.2,3.8,3.0,4.2,4.7,4.0,0,2,96,1.0
8720,06/01/1998,Female,USA,Manufacturing,Colleague,3/7/2022,4.2,4.1,2.1,4.5,4.2,2.0,0,5,95,1.0
8277,03/08/1983,Female,UK & EMEA,Research Department,Colleague,9/12/2018,4.2,4.3,4.0,4.9,4.2,5.0,0,5,72,0.6
8858,18/02/1996,Male,USA,IT Department,Colleague,10/3/2022,4.2,3.9,3.1,3.8,4.7,4.0,0,4,49,1.0
8206,17/09/1998,Female,UK & EMEA,Human Resources,Colleague,9/11/2017,4.1,4.5,2.7,4.6,3.7,4.0,0,4,11,1.0
8089,09/11/1973,Female,USA,Sales & Marketing,Colleague,3/11/2013,4.1,3.9,2.4,3.8,3.8,4.0,0,2,64,1.0
8005,17/05/1982,Female,APAC,Research Department,Colleague,7/1/2004,4.1,4.5,2.8,3.6,4.1,3.0,0,4,52,1.0
8752,16/11/1980,Female,USA,Sales & Marketing,Senior Leader,5/16/2022,4.1,4.2,2.8,3.3,4.4,3.0,0,2,70,1.0
8353,26/03/1992,Female,UK & EMEA,Finance,Colleague,9/2/2019,4.1,4.6,3.2,4.2,3.4,3.0,0,2,-18,1.0
8954,05/03/1960,Male,USA,Manufacturing,Colleague,4/3/2023,4.1,4.3,3.6,3.9,4.2,6.0,0,4,-21,1.0
8827,05/08/1996,Male,APAC,Sales & Marketing,Colleague,9/5/2022,4.1,3.8,2.4,4.5,3.7,4.0,0,5,87,1.0
8345,04/06/1996,Female,UK & EMEA,Manufacturing,Colleague,8/5/2019,4.1,4.0,3.3,3.1,3.4,4.0,0,5,94,1.0
8275,28/10/1990,Male,APAC,Finance,Colleague,9/6/2018,4.1,3.4,2.9,3.6,4.3,4.0,0,1,65,1.0
8104,13/07/1992,Female,APAC,Manufacturing,Colleague,1/6/2014,4.1,3.6,1.9,4.4,4.0,4.0,0,4,23,1.0
8607,18/08/1994,Female,UK & EMEA,Manufacturing,Colleague,8/16/2021,4.1,4.2,2.4,3.2,4.2,4.0,0,1,-15,1.0
8557,25/05/1978,Female,APAC,Manufacturing,Colleague,6/7/2021,4.1,3.7,2.4,4.1,4.3,3.0,0,4,-21,1.0
8060,16/07/1989,Female,APAC,Manufacturing,Colleague,7/1/2011,4.1,3.6,4.2,3.3,3.7,2.0,0,4,90,1.0
8522,29/09/1995,Male,UK & EMEA,Sales & Marketing,Colleague,2/15/2021,4.1,4.1,3.8,4.4,4.1,2.0,0,2,81,1.0
8058,22/04/1987,Male,APAC,Manufacturing,Colleague,5/10/2011,4.1,4.1,2.6,3.7,3.3,4.0,0,2,39,1.0
8313,01/05/1976,Male,UK & EMEA,Sales & Marketing,Senior Leader,3/4/2019,4.1,4.3,3.0,4.4,3.9,3.0,0,4,26,1.0
8048,25/03/1981,Male,UK & EMEA,IT Department,Colleague,7/26/2010,4.1,3.6,3.0,3.5,3.5,5.0,0,2,30,1.0
8666,14/10/1961,Male,UK & EMEA,Manufacturing,Colleague,11/8/2021,4.0,3.5,3.4,4.3,4.1,4.0,0,4,99,1.0
8644,18/11/1965,Male,USA,Research Department,Colleague,10/4/2021,4.0,4.0,2.1,3.6,4.1,6.0,0,2,35,1.0
8617,28/03/1999,Female,APAC,Research Department,Colleague,9/6/2021,4.0,3.8,3.0,3.2,4.1,3.0,0,5,59,1.0
8271,22/02/1992,Female,UK & EMEA,Sales & Marketing,Colleague,8/28/2018,4.0,4.1,3.4,4.0,4.4,4.0,0,2,-9,1.0
8578,07/03/1981,Female,USA,Sales & Marketing,Colleague,7/12/2021,4.0,4.0,3.2,3.8,3.7,5.0,0,5,53,1.0
8613,23/06/1999,Male,APAC,Manufacturing,Colleague,8/23/2021,4.0,3.9,3.4,3.6,4.1,2.0,0,4,85,1.0
8299,13/12/1989,Female,UK & EMEA,Finance,Senior Leader,12/10/2018,4.0,3.2,3.4,4.4,4.0,3.0,0,2,100,0.8
8772,02/09/2001,Male,UK & EMEA,Sales & Marketing,Colleague,6/27/2022,4.0,4.1,2.2,3.4,4.1,2.0,0,2,4,1.0
8486,06/03/1997,Female,USA,Manufacturing,Colleague,10/20/2020,4.0,4.0,2.0,3.8,3.7,3.0,0,5,35,1.0
8153,12/05/1992,Female,UK & EMEA,Sales & Marketing,Colleague,1/26/2016,5.0,4.0,3.0,3.4,4.0,2.0,2,10,87,1.0
8302,20/09/1989,Male,UK & EMEA,Manufacturing,Colleague,1/2/2019,4.4,3.6,3.6,4.7,3.6,3.0,2,15,71,1.0
8133,22/04/1981,Male,USA,Manufacturing,Colleague,6/29/2015,4.8,4.7,3.6,4.7,4.5,5.0,6,10,92,1.0
8650,30/04/1979,Male,USA,IT Department,Colleague,10/11/2021,4.5,4.5,3.2,4.1,3.9,3.0,7,2,100,1.0
8779,19/03/1993,Female,APAC,Research Department,Colleague,7/4/2022,4.5,4.5,3.4,4.0,4.0,2.0,8,9,98,1.0
8038,13/10/1980,Male,APAC,IT Department,Colleague,10/9/2009,5.0,4.9,4.4,4.8,4.4,5.0,9,14,93,1.0
8467,02/02/1966,Male,USA,Manufacturing,Colleague,8/26/2020,4.9,4.7,4.1,4.2,4.0,4.0,9,12,74,1.0
8477,14/10/1990,Female,UK & EMEA,Finance,Colleague,9/14/2020,4.8,4.6,4.0,4.7,4.5,2.0,13,10,89,0.8
8416,24/05/1983,Male,UK & EMEA,Finance,Colleague,4/6/2020,4.6,4.9,2.9,4.5,4.0,3.0,13,6,88,1.0
8006,26/04/1984,Female,APAC,Research Department,Colleague,7/1/2004,4.9,5.0,3.4,4.0,4.4,4.0,17,7,70,1.0
8073,20/06/1989,Male,APAC,Research Department,Colleague,7/1/2012,4.9,4.3,2.8,5.0,4.8,2.0,17,7,97,1.0
8707,18/03/1991,Female,UK & EMEA,Human Resources,Colleague,2/7/2022,4.5,4.6,4.9,4.9,4.3,2.0,17,15,69,1.0
8816,01/05/1993,Male,UK & EMEA,Manufacturing,Colleague,8/15/2022,5.0,4.5,4.4,4.6,4.8,2.0,20,5,23,1.0
8103,26/07/1952,Female,UK & EMEA,Research Department,Colleague,1/2/2014,4.9,4.3,5.0,4.6,5.0,6.0,20,11,80,1.0
8755,15/12/1994,Female,APAC,Research Department,Colleague,5/23/2022,4.9,5.0,4.7,4.7,4.2,4.0,20,5,16,1.0
8379,17/08/1991,Female,APAC,Manufacturing,Colleague,12/2/2019,4.8,4.4,4.3,4.5,4.7,2.0,20,5,22,1.0
8019,27/10/1982,Male,APAC,Research Department,Colleague,7/3/2006,4.8,5.0,5.0,4.4,4.7,3.0,20,5,17,1.0
8442,17/09/1997,Male,APAC,Research Department,Colleague,6/2/2020,4.8,4.4,4.0,4.9,4.3,2.0,20,5,18,1.0
8754,07/10/1998,Male,USA,Human Resources,Colleague,5/17/2022,4.7,4.7,4.1,4.8,4.4,2.0,20,5,23,1.0
8013,10/01/1984,Male,APAC,Research Department,Colleague,7/12/2005,4.7,4.7,3.6,4.2,4.9,3.0,20,5,24,1.0
8762,19/06/1981,Female,USA,Sales & Marketing,Colleague,5/31/2022,4.7,4.7,4.6,4.6,5.0,5.0,20,5,15,1.0
8726,07/05/1982,Female,UK & EMEA,Sales & Marketing,Senior Leader,3/21/2022,4.6,4.6,3.4,4.9,4.2,5.0,20,5,20,1.0
8444,23/02/1997,Female,APAC,Manufacturing,Colleague,6/15/2020,4.5,4.2,4.2,4.9,4.9,2.0,20,5,10,1.0
8733,22/03/1994,I prefer not to identify,USA,Sales & Marketing,Colleague,4/11/2022,4.5,4.8,4.4,4.8,4.9,4.0,20,5,20,1.0
8854,27/09/1967,Male,USA,Manufacturing,Colleague,9/27/2022,4.5,4.9,3.6,4.8,4.4,5.0,20,10,93,1.0
8154,01/10/1980,Female,APAC,Sales & Marketing,Colleague,4/1/2016,4.4,4.1,3.9,4.9,4.3,4.0,20,14,60,1.0
8941,15/09/1990,Male,USA,Sales & Marketing,Colleague,3/13/2023,4.3,4.7,3.6,4.5,4.7,4.0,20,5,17,1.0
8511,25/07/1979,Male,UK & EMEA,IT Department,Colleague,12/18/2020,4.3,4.9,4.2,4.7,4.7,4.0,20,5,26,1.0
8786,25/09/1986,Male,USA,Research Department,Colleague,7/5/2022,4.2,4.6,4.1,4.2,4.4,4.0,20,5,13,1.0
8463,07/11/1989,Male,UK & EMEA,Human Resources,Colleague,8/24/2020,4.1,4.4,4.8,5.0,4.9,4.0,20,5,13,1.0
8628,08/11/1959,Female,USA,Sales & Marketing,Colleague,9/13/2021,4.1,4.8,3.8,4.9,4.4,4.0,20,5,16,1.0
8881,16/12/1981,Male,UK & EMEA,Sales & Marketing,Colleague,11/1/2022,4.1,4.6,4.0,4.6,4.8,5.0,20,5,11,1.0
8943,29/06/2000,Male,UK & EMEA,Research Department,Colleague,3/13/2023,4.3,4.2,3.8,4.8,5.0,4.0,21,9,53,1.0
8371,24/09/1978,Female,APAC,Sales & Marketing,Colleague,11/4/2019,4.8,4.7,4.5,4.5,4.4,4.0,22,11,24,1.0
8876,16/03/1999,Female,USA,Research Department,Colleague,10/31/2022,4.7,4.5,3.9,4.3,5.0,3.0,25,4,63,1.0
8890,06/11/2000,Female,UK & EMEA,Sales & Marketing,Colleague,11/14/2022,4.7,4.8,4.1,4.9,4.6,3.0,25,4,-16,1.0
8828,09/09/1992,Male,UK & EMEA,Sales & Marketing,Colleague,9/5/2022,4.7,4.9,4.7,4.2,4.5,4.0,25,4,-41,1.0
8232,11/05/1987,Female,APAC,Research Department,Colleague,1/18/2018,4.6,4.8,3.8,4.5,4.7,2.0,25,4,5,1.0
8414,19/02/1995,Male,UK & EMEA,Sales & Marketing,Colleague,4/6/2020,4.6,4.8,3.5,5.0,4.7,4.0,25,4,-32,1.0
8940,15/02/1996,Male,USA,Human Resources,Colleague,3/8/2023,4.6,4.8,3.1,4.4,4.9,4.0,25,4,-35,1.0
8889,26/07/1989,Female,USA,Manufacturing,Colleague,11/9/2022,4.6,4.6,3.4,4.9,4.8,2.0,25,4,-34,1.0
8215,08/01/1983,Male,USA,Human Resources,Colleague,10/23/2017,4.6,4.7,4.8,4.1,4.6,5.0,25,4,-3,1.0
8846,05/01/1984,Female,UK & EMEA,IT Department,Colleague,9/26/2022,4.5,4.7,3.8,4.5,4.1,4.0,25,4,73,1.0
8483,14/09/1997,Male,APAC,Research Department,Colleague,10/9/2020,4.5,4.8,3.7,4.4,4.7,4.0,25,4,6,1.0
8554,10/10/1988,Female,APAC,Manufacturing,Colleague,5/31/2021,4.5,4.8,4.3,5.0,4.4,2.0,25,4,28,1.0
8096,26/12/1977,Female,APAC,Finance,Senior Leader,10/16/2013,4.4,4.5,3.8,4.6,4.1,3.0,25,4,4,1.0
8152,15/07/1988,Female,UK & EMEA,Manufacturing,Colleague,1/5/2016,4.4,4.8,4.7,4.4,4.1,4.0,25,4,-5,0.4
8668,04/10/1994,Female,UK & EMEA,Research Department,Colleague,11/8/2021,4.4,4.7,3.5,4.9,4.1,2.0,25,4,-14,1.0
8880,22/08/1985,Male,USA,IT Department,Colleague,11/1/2022,4.4,4.9,3.9,4.7,4.2,4.0,25,4,-3,1.0
8756,16/04/1963,Female,UK & EMEA,Sales & Marketing,Colleague,5/23/2022,4.4,5.0,4.4,4.5,4.9,4.0,25,4,-13,1.0
8862,10/11/1963,Male,UK & EMEA,Manufacturing,Colleague,10/17/2022,4.4,4.6,4.0,4.4,4.3,6.0,25,4,-2,1.0
8742,27/08/1985,Female,APAC,Sales & Marketing,Colleague,4/25/2022,4.4,4.0,5.0,5.0,5.0,4.0,25,4,-37,1.0
8803,01/09/1981,Male,USA,Research Department,Colleague,8/1/2022,4.3,4.4,4.4,4.9,4.9,4.0,25,4,-46,1.0
8833,06/12/1998,Male,USA,Research Department,Colleague,9/6/2022,4.3,4.9,4.8,3.9,4.3,3.0,25,4,-17,1.0
8074,29/07/1990,Female,APAC,Manufacturing,Colleague,7/1/2012,4.2,4.9,4.3,4.4,4.2,4.0,25,4,66,1.0
8570,26/01/1995,Male,APAC,Research Department,Colleague,6/28/2021,4.2,4.9,4.5,4.5,4.8,3.0,25,4,-9,1.0
8400,27/10/1969,Male,UK & EMEA,Manufacturing,Senior Leader,2/17/2020,4.2,4.6,3.7,4.5,4.7,5.0,25,4,-34,1.0
8918,27/04/1988,Female,UK & EMEA,Research Department,Colleague,1/9/2023,4.2,4.9,3.8,4.9,4.3,2.0,25,9,58,1.0
8773,16/05/1979,Female,UK & EMEA,Human Resources,Colleague,6/27/2022,4.2,4.6,3.9,4.5,4.8,5.0,25,4,-9,1.0
8087,02/06/1988,Male,UK & EMEA,Sales & Marketing,Senior Leader,11/12/2012,4.1,3.9,3.9,4.7,4.6,2.0,25,4,-37,1.0
8630,24/10/1989,Male,UK & EMEA,Human Resources,Senior Leader,9/20/2021,4.1,4.8,4.3,4.4,4.6,3.0,25,4,16,1.0
8189,10/09/1982,Male,UK & EMEA,Manufacturing,Colleague,4/10/2017,4.1,4.9,4.1,5.0,4.9,3.0,25,4,-40,1.0
8455,05/08/1993,Female,APAC,IT Department,Colleague,7/20/2020,4.1,4.8,3.6,4.5,4.4,4.0,25,4,-19,1.0
8120,16/12/1990,Female,UK & EMEA,Sales & Marketing,Colleague,11/24/2014,4.1,4.9,3.7,4.8,4.4,3.0,25,4,31,1.0
8909,16/04/1984,Male,USA,Manufacturing,Colleague,12/28/2022,4.1,4.7,3.4,4.9,4.8,4.0,25,4,-15,1.0
8127,30/01/1988,Female,USA,Manufacturing,Colleague,4/27/2015,4.1,5.0,4.7,4.5,4.9,4.0,25,4,-45,1.0
8184,22/11/1986,Female,UK & EMEA,Human Resources,Colleague,3/20/2017,4.1,4.7,4.5,4.9,4.9,4.0,25,4,31,0.8
8337,30/09/1996,Female,APAC,Sales & Marketing,Colleague,6/24/2019,4.1,4.4,4.1,4.7,4.0,3.0,25,4,29,1.0
8343,06/09/1986,Female,UK & EMEA,Manufacturing,Colleague,7/22/2019,4.1,4.3,4.9,4.7,4.9,4.0,25,4,17,1.0
8991,23/05/1995,Male,UK & EMEA,Finance,Colleague,7/3/2023,4.0,4.8,3.5,4.4,4.9,2.0,25,4,-12,1.0
8408,24/02/1985,Male,APAC,Sales & Marketing,Colleague,3/23/2020,4.0,4.5,2.5,4.2,4.7,4.0,25,4,2,1.0
8084,15/09/1990,Female,APAC,Manufacturing,Colleague,9/3/2012,4.0,4.7,3.7,4.4,4.9,3.0,25,4,-4,1.0
8008,24/05/1967,Female,UK & EMEA,Sales & Marketing,Senior Leader,1/5/2005,3.9,4.9,3.9,4.8,5.0,6.0,25,4,-17,0.8
8318,16/04/1997,Female,APAC,Research Department,Colleague,3/18/2019,3.9,4.8,4.4,4.4,3.9,2.0,25,4,4,1.0
8510,02/03/1980,Female,APAC,Manufacturing,Colleague,12/16/2020,3.9,4.7,3.5,4.9,4.9,3.0,25,4,32,1.0
8524,27/02/1970,Female,UK & EMEA,Sales & Marketing,Colleague,2/22/2021,3.9,4.8,4.2,4.9,5.0,6.0,25,4,17,1.0
8059,03/09/1988,Female,APAC,Human Resources,Colleague,7/1/2011,3.9,4.2,4.8,4.5,4.3,3.0,25,4,-46,1.0
8253,01/06/1989,Female,APAC,Research Department,Colleague,5/28/2018,3.9,4.5,4.4,4.9,4.6,3.0,25,4,0,1.0
8884,16/07/1997,Female,UK & EMEA,Sales & Marketing,Colleague,11/7/2022,3.9,4.7,3.6,4.9,4.2,2.0,25,13,28,1.0
8484,27/04/1991,Female,APAC,Research Department,Colleague,10/12/2020,3.9,4.8,4.1,4.6,4.3,2.0,25,4,6,1.0
8518,03/09/1981,Female,APAC,Sales & Marketing,Colleague,1/25/2021,3.9,4.6,3.8,4.5,4.7,5.0,25,4,-82,1.0
8014,02/08/1982,Male,APAC,Research Department,Colleague,7/12/2005,3.8,4.8,4.1,4.4,5.0,4.0,25,4,-3,1.0
8900,09/02/1998,Female,UK & EMEA,Sales & Marketing,Colleague,12/5/2022,3.8,4.8,4.1,4.3,4.5,3.0,25,4,-6,1.0
8411,13/08/1981,Male,APAC,Manufacturing,Colleague,3/30/2020,3.8,5.0,4.5,4.1,4.2,4.0,25,4,-37,1.0
8824,02/08/1993,Female,USA,Sales & Marketing,Colleague,8/29/2022,4.6,4.9,4.9,4.9,4.9,2.0,26,13,32,1.0
8247,23/12/1994,Female,APAC,Research Department,Colleague,4/23/2018,4.5,4.5,3.5,4.9,4.4,2.0,27,15,32,1.0
8109,07/08/1988,Female,APAC,Research Department,Colleague,5/4/2014,4.1,4.8,4.8,4.9,4.5,4.0,30,9,56,1.0
8012,10/06/1982,Female,APAC,Research Department,Colleague,7/5/2005,4.0,4.5,5.0,4.8,4.2,4.0,30,8,50,1.0
8266,04/11/1967,Male,USA,Research Department,Colleague,8/15/2018,4.0,4.3,4.4,4.3,4.7,4.0,33,3,18,1.0
8519,23/07/1961,Male,UK & EMEA,Manufacturing,Senior Leader,2/1/2021,4.0,5.0,4.4,4.6,4.0,6.0,33,3,54,1.0
8847,25/08/1995,Female,APAC,Research Department,Colleague,9/26/2022,3.9,4.7,3.6,4.8,4.7,2.0,33,3,67,1.0
8466,30/03/1976,Female,USA,Manufacturing,Colleague,8/26/2020,3.8,4.5,5.0,4.5,4.3,5.0,33,14,42,1.0
8399,02/09/1989,Female,UK & EMEA,Sales & Marketing,Colleague,2/17/2020,3.8,4.5,5.0,4.0,5.0,3.0,33,3,51,1.0
8970,10/02/1961,Female,USA,Manufacturing,Colleague,5/15/2023,3.7,3.8,4.6,4.3,3.7,5.0,33,3,73,1.0
8602,12/05/1994,Female,APAC,Manufacturing,Colleague,8/9/2021,3.6,4.7,4.6,4.9,4.5,2.0,33,3,54,1.0
8155,22/12/1990,Male,USA,Manufacturing,Colleague,4/4/2016,3.5,4.0,4.3,3.9,3.9,2.0,33,3,31,1.0
8083,16/01/1985,Female,APAC,Research Department,Colleague,8/14/2012,3.7,4.3,4.3,4.6,4.0,4.0,34,6,35,1.0
8599,01/11/1997,Female,APAC,Research Department,Colleague,8/9/2021,3.7,4.5,4.2,3.8,3.8,3.0,35,15,34,1.0
8568,05/08/1993,Female,APAC,Research Department,Colleague,6/21/2021,3.9,4.1,4.9,3.9,3.5,2.0,39,15,29,1.0
8964,21/10/1980,Female,UK & EMEA,Sales & Marketing,Colleague,4/24/2023,3.1,4.1,4.4,3.6,4.6,5.0,39,6,46,1.0
8111,09/05/1992,Female,APAC,Research Department,Colleague,7/1/2014,4.0,4.5,3.7,3.8,3.8,3.0,40,5,0,1.0
8912,17/06/1968,Female,USA,Manufacturing,Colleague,1/3/2023,3.9,3.9,4.5,3.8,4.2,4.0,40,5,3,1.0
8156,22/02/1993,Female,UK & EMEA,Sales & Marketing,Colleague,5/9/2016,3.9,4.3,4.1,3.9,4.4,4.0,40,5,-9,1.0
8288,25/09/1981,Male,UK & EMEA,Finance,Senior Leader,10/8/2018,3.7,4.1,4.5,4.5,3.3,4.0,40,5,-1,1.0
8621,10/04/1995,Female,APAC,Research Department,Colleague,9/6/2021,3.6,3.4,4.9,4.4,4.2,2.0,40,12,4,1.0
8598,21/05/1996,Female,APAC,Manufacturing,Colleague,8/9/2021,3.6,4.0,4.7,4.1,4.6,3.0,40,5,-6,1.0
8349,07/08/1988,Male,UK & EMEA,Manufacturing,Colleague,8/19/2019,3.6,3.9,5.0,4.0,3.8,4.0,40,6,46,1.0
8422,20/11/1975,Male,UK & EMEA,Research Department,Colleague,4/6/2020,3.5,4.6,4.3,3.9,3.7,3.0,40,5,7,1.0
8608,08/02/1963,Female,UK & EMEA,Finance,Senior Leader,8/17/2021,3.5,4.0,4.7,4.8,3.4,6.0,40,5,-4,0.6
8683,02/10/1985,Male,UK & EMEA,Research Department,Colleague,12/17/2021,3.5,4.7,4.7,3.6,4.5,4.0,40,5,0,1.0
8856,10/07/2000,Female,APAC,Finance,Colleague,9/29/2022,3.5,3.3,4.5,3.1,3.7,3.0,40,5,7,1.0
8180,30/06/1976,Female,UK & EMEA,Sales & Marketing,Colleague,3/13/2017,3.3,3.8,4.9,4.5,4.0,5.0,40,5,9,1.0
8331,22/09/1983,Female,USA,Sales & Marketing,Colleague,5/27/2019,3.3,4.5,4.4,3.6,4.7,4.0,40,5,-3,1.0
8865,29/04/1988,Female,UK & EMEA,Finance,Colleague,10/17/2022,3.3,4.3,4.9,4.2,3.6,2.0,40,5,-5,1.0
8356,18/12/1991,Female,APAC,Research Department,Colleague,9/9/2019,3.2,3.8,4.5,4.1,4.2,3.0,40,5,-4,1.0
8669,17/10/1997,Female,APAC,Manufacturing,Colleague,11/8/2021,3.2,3.7,4.7,3.9,4.6,2.0,40,5,-5,1.0
8883,27/10/2004,Male,USA,Manufacturing,Colleague,11/7/2022,3.2,4.7,4.4,4.7,4.0,2.0,40,5,9,1.0
8738,18/06/1990,Female,UK & EMEA,Sales & Marketing,Colleague,4/19/2022,3.2,4.3,4.6,4.2,4.1,2.0,40,5,-2,1.0
8594,07/03/1972,Female,UK & EMEA,IT Department,Senior Leader,8/2/2021,3.2,4.3,4.9,4.4,4.2,3.0,40,9,17,1.0
8864,29/10/1993,Male,USA,Sales & Marketing,Colleague,10/17/2022,3.1,3.6,4.8,4.0,3.9,4.0,40,5,-13,1.0
8306,27/02/1993,Male,UK & EMEA,Research Department,Colleague,1/21/2019,3.1,4.1,4.9,3.8,4.8,3.0,40,5,1,1.0
8658,04/02/1990,Male,USA,Manufacturing,Colleague,10/25/2021,3.1,3.5,5.0,4.5,4.2,4.0,41,15,11,1.0
8175,07/01/1983,Female,APAC,Sales & Marketing,Colleague,1/4/2017,3.1,3.9,4.8,4.6,4.2,3.0,41,7,16,1.0
8855,31/07/1991,Male,USA,Manufacturing,Colleague,9/27/2022,3.8,4.0,4.6,4.0,3.6,2.0,43,14,-19,1.0
8687,11/05/1977,Female,USA,Manufacturing,Senior Leader,1/3/2022,3.7,4.0,4.7,3.5,3.5,4.0,43,10,-19,1.0
8857,15/04/1984,Female,UK & EMEA,Sales & Marketing,Colleague,10/1/2022,3.5,4.6,4.6,4.0,3.5,5.0,43,14,-5,0.8
8284,02/07/1993,Female,APAC,IT Department,Colleague,9/26/2018,2.9,4.0,4.8,4.5,4.0,4.0,44,11,-7,1.0
8677,06/02/1997,Male,USA,Manufacturing,Colleague,11/29/2021,3.3,3.3,4.9,3.3,3.0,2.0,45,13,5,1.0
8632,02/06/1998,Male,UK & EMEA,IT Department,Colleague,9/20/2021,3.2,4.2,4.8,3.3,3.6,3.0,45,15,-11,1.0
8216,29/09/1991,Female,APAC,Research Department,Colleague,10/23/2017,3.1,3.9,4.0,3.6,3.5,3.0,45,15,4,1.0
8548,17/01/1970,Female,UK & EMEA,Finance,Senior Leader,5/17/2021,2.8,3.0,4.2,4.0,3.8,5.0,48,10,-17,1.0
8150,21/09/1983,Female,APAC,Sales & Marketing,Colleague,11/30/2015,3.1,3.8,4.0,3.8,3.5,4.0,49,14,-19,1.0
8930,17/03/1999,Male,USA,Finance,Colleague,1/18/2023,3.5,3.3,4.8,3.4,3.5,3.0,50,4,-49,1.0
8649,14/04/1999,Male,USA,IT Department,Colleague,10/11/2021,3.4,3.9,4.7,3.0,4.1,3.0,50,2,10,1.0
8982,18/08/1999,Female,USA,Sales & Marketing,Colleague,6/26/2023,3.3,2.6,3.7,4.1,3.4,2.0,50,4,-90,1.0
8780,20/04/1996,Male,APAC,Manufacturing,Colleague,7/4/2022,3.3,2.8,4.7,3.5,3.6,4.0,50,11,-5,1.0
8296,21/04/1997,Female,UK & EMEA,Sales & Marketing,Colleague,11/26/2018,3.3,4.0,5.0,2.8,4.0,3.0,50,4,-58,1.0
8741,06/07/1998,Female,APAC,Manufacturing,Colleague,4/25/2022,3.2,4.1,4.9,3.6,3.2,2.0,50,4,-56,1.0
8998,05/07/1999,Male,USA,Finance,Colleague,7/24/2023,3.2,3.8,4.6,3.7,3.8,3.0,50,4,-59,1.0
8778,12/10/1996,Female,APAC,Research Department,Colleague,7/4/2022,3.2,4.3,4.3,3.8,4.3,2.0,50,2,25,1.0
8787,06/09/1990,Female,USA,Finance,Colleague,7/5/2022,3.2,3.4,4.4,3.5,3.5,4.0,50,4,62,1.0
8098,21/06/1980,Male,APAC,Research Department,Colleague,11/13/2013,3.2,3.8,4.0,4.2,3.5,4.0,50,4,62,1.0
8448,28/08/1991,Male,UK & EMEA,Human Resources,Colleague,7/1/2020,3.1,3.7,4.9,2.9,3.4,3.0,50,4,-23,1.0
8753,22/09/1993,Female,USA,Sales & Marketing,Colleague,5/16/2022,3.1,3.2,4.8,3.2,3.7,3.0,50,4,-50,1.0
8634,06/01/2000,Female,APAC,Manufacturing,Colleague,9/22/2021,3.1,3.2,4.2,3.1,4.1,3.0,50,2,-80,1.0
8710,22/09/1978,Male,USA,Sales & Marketing,Colleague,2/14/2022,3.1,3.8,3.7,3.2,4.0,4.0,50,4,-57,1.0
8431,07/02/1986,Female,APAC,Sales & Marketing,Colleague,4/27/2020,3.1,4.1,4.8,4.2,3.5,5.0,50,2,-68,1.0
8161,05/11/1985,Female,UK & EMEA,IT Department,Colleague,9/9/2016,3.0,3.5,4.4,3.5,4.2,4.0,50,2,-56,1.0
8897,02/04/1988,Male,USA,Manufacturing,Colleague,11/22/2022,3.0,3.3,4.4,3.3,2.8,2.0,50,2,-83,1.0
8002,03/09/1969,Male,UK & EMEA,Sales & Marketing,Colleague,10/22/2003,3.0,3.6,4.5,2.9,4.0,5.0,50,4,-86,1.0
8637,01/05/1997,Male,APAC,Manufacturing,Colleague,9/22/2021,3.0,3.7,4.8,3.7,2.9,4.0,50,4,-56,1.0
8999,03/01/1999,Male,USA,Finance,Colleague,7/24/2023,3.0,3.7,4.9,3.3,2.9,3.0,50,4,-62,1.0
8348,07/03/1993,Female,APAC,Human Resources,Colleague,8/12/2019,3.0,4.4,4.9,3.8,3.2,2.0,50,4,-51,1.0
8137,11/12/1992,Male,UK & EMEA,Sales & Marketing,Colleague,8/25/2015,3.0,2.7,4.2,3.9,3.8,3.0,50,4,-60,1.0
8891,20/06/1993,Male,UK & EMEA,Sales & Marketing,Colleague,11/14/2022,3.0,3.4,4.7,3.5,3.6,3.0,50,2,-57,1.0
8675,18/05/1998,Male,UK & EMEA,IT Department,Colleague,11/24/2021,3.0,3.5,4.2,4.1,3.6,2.0,50,4,-50,1.0
8789,18/03/1995,Male,USA,Sales & Marketing,Colleague,7/11/2022,2.9,3.1,4.3,2.9,3.6,3.0,50,2,-79,1.0
8490,09/03/1992,Female,APAC,Research Department,Colleague,11/2/2020,2.9,4.0,4.5,3.7,3.5,4.0,50,4,-30,1.0
8840,02/06/1965,Male,UK & EMEA,Manufacturing,Colleague,9/12/2022,2.9,4.2,4.7,3.3,3.8,4.0,50,4,-87,1.0
8819,11/12/1987,Female,USA,Manufacturing,Colleague,8/16/2022,2.9,3.3,4.1,3.2,3.4,3.0,50,2,-69,1.0
8767,30/03/1990,Female,USA,Research Department,Colleague,6/13/2022,2.8,2.9,4.9,4.4,2.9,3.0,50,2,-85,1.0
8983,27/06/2002,Female,USA,Manufacturing,Colleague,6/27/2023,2.8,3.7,4.2,3.1,4.1,1.0,50,2,-41,1.0
8718,02/02/1997,Female,USA,Research Department,Colleague,3/7/2022,2.8,3.2,4.5,3.6,3.4,4.0,50,4,-24,1.0
8839,23/01/1977,Male,APAC,Sales & Marketing,Colleague,9/12/2022,2.8,3.4,3.5,3.8,3.8,3.0,50,2,19,1.0
8446,05/05/1996,Female,UK & EMEA,Finance,Colleague,6/15/2020,2.8,4.1,4.4,3.6,3.3,3.0,50,4,-64,1.0
8165,09/07/1980,Male,APAC,Sales & Marketing,Colleague,10/3/2016,2.7,2.9,4.5,3.7,4.0,5.0,50,2,-74,1.0
8028,14/04/1980,Female,UK & EMEA,Sales & Marketing,Colleague,1/7/2008,2.7,3.6,4.0,3.7,3.3,5.0,50,2,-87,0.9
8867,16/04/1996,Male,USA,Manufacturing,Colleague,10/17/2022,2.7,3.7,4.9,3.8,3.2,3.0,50,4,59,1.0
8525,09/05/1986,Male,USA,Sales & Marketing,Colleague,3/8/2021,2.6,4.0,4.6,3.5,3.8,4.0,50,2,-44,1.0
8902,30/06/1999,Female,USA,Manufacturing,Colleague,12/5/2022,2.6,3.2,3.8,2.7,3.4,2.0,50,4,-90,1.0
8977,19/04/1989,Male,USA,Manufacturing,Colleague,6/19/2023,2.6,3.5,4.6,3.3,3.7,4.0,50,4,-80,1.0
8418,10/12/1984,Female,UK & EMEA,Research Department,Colleague,4/6/2020,2.6,4.2,4.7,3.7,3.9,4.0,50,4,-29,1.0
8788,04/01/1993,Male,USA,Finance,Colleague,7/6/2022,2.5,3.3,3.0,3.2,3.9,2.0,50,4,-64,1.0
8300,29/06/1982,Female,APAC,Sales & Marketing,Colleague,12/10/2018,2.5,3.6,5.0,3.2,3.6,5.0,50,4,-51,1.0
8556,29/05/1983,Male,UK & EMEA,IT Department,Colleague,6/1/2021,2.5,3.0,3.7,3.7,3.3,5.0,50,4,-85,1.0
8339,22/12/1993,Female,USA,Manufacturing,Colleague,7/1/2019,3.2,2.8,4.4,3.4,3.5,2.0,51,14,-14,1.0
8498,05/01/1976,Female,UK & EMEA,Sales & Marketing,Colleague,11/9/2020,2.8,3.5,3.1,2.8,3.0,3.0,51,11,-2,1.0
8931,13/06/1998,Male,USA,Manufacturing,Colleague,1/30/2023,2.6,4.1,4.6,2.5,2.5,3.0,53,10,-16,1.0
8932,25/01/1989,Female,UK & EMEA,Sales & Marketing,Colleague,1/30/2023,3.0,3.2,4.6,3.3,3.4,2.0,56,10,14,1.0
8804,23/01/1996,Female,UK & EMEA,Finance,Colleague,8/1/2022,2.9,3.5,4.4,3.2,2.6,3.0,57,7,0,0.8
8092,31/01/1990,Female,UK & EMEA,Sales & Marketing,Colleague,5/13/2013,2.7,2.5,4.6,2.9,3.1,4.0,57,13,13,1.0
8396,16/01/1990,Male,USA,Finance,Colleague,2/3/2020,2.9,3.1,3.4,2.6,3.8,2.0,58,8,-19,1.0
8426,19/05/1981,Male,USA,Sales & Marketing,Senior Leader,4/13/2020,2.4,2.8,3.5,2.9,3.1,4.0,58,12,10,1.0
8389,13/01/1989,Male,UK & EMEA,Research Department,Colleague,1/20/2020,3.0,3.1,3.0,2.8,2.9,4.0,59,13,18,1.0
8620,26/12/1998,Male,APAC,Manufacturing,Colleague,9/6/2021,2.2,3.9,3.7,3.4,3.5,2.0,59,10,18,1.0
8914,30/09/1990,I prefer not to identify,USA,Research Department,Colleague,1/3/2023,3.0,3.1,4.0,3.1,3.2,4.0,60,5,-21,1.0
8407,02/05/1995,Female,UK & EMEA,Finance,Colleague,3/12/2020,2.9,2.4,4.5,3.2,3.3,4.0,60,5,-43,1.0
8957,07/07/1998,Female,UK & EMEA,Sales & Marketing,Colleague,4/10/2023,2.8,2.8,4.1,2.7,3.5,2.0,60,5,-46,1.0
8217,18/10/1989,Female,APAC,Sales & Marketing,Colleague,10/23/2017,2.8,2.5,4.4,3.1,2.5,4.0,60,5,-16,1.0
8248,03/12/1992,Male,UK & EMEA,Manufacturing,Colleague,4/23/2018,2.7,2.5,3.7,2.4,3.1,3.0,60,5,-19,1.0
8774,08/10/1981,Female,UK & EMEA,Manufacturing,Colleague,6/27/2022,2.7,2.6,3.7,2.5,3.4,4.0,60,5,-43,0.8
8267,02/12/1985,Female,UK & EMEA,Sales & Marketing,Colleague,8/20/2018,2.7,2.6,4.9,3.3,3.0,4.0,60,5,-40,1.0
8544,06/02/1991,Female,USA,Manufacturing,Colleague,5/10/2021,2.6,2.5,4.2,3.3,3.6,4.0,60,5,-32,1.0
8278,09/11/1987,Female,UK & EMEA,Manufacturing,Senior Leader,9/24/2018,2.6,3.0,3.8,2.9,3.1,4.0,60,5,-21,1.0
8536,12/07/1993,Male,UK & EMEA,Finance,Senior Leader,4/12/2021,2.5,3.0,4.4,3.7,2.5,3.0,60,5,-31,1.0
8692,10/11/1978,Female,UK & EMEA,Manufacturing,Senior Leader,1/10/2022,2.5,3.1,4.2,2.6,2.9,5.0,60,5,-14,1.0
8795,23/11/1992,Female,USA,Human Resources,Colleague,7/18/2022,2.5,2.8,4.0,3.2,2.7,4.0,60,5,-14,1.0
8291,03/06/1994,Female,APAC,Research Department,Colleague,10/22/2018,2.4,3.3,3.4,2.9,3.0,2.0,60,5,-45,1.0
8619,11/10/1997,Female,APAC,Sales & Marketing,Colleague,9/6/2021,2.4,2.4,4.9,3.0,2.1,3.0,60,5,-38,1.0
8417,22/02/1993,Female,UK & EMEA,Sales & Marketing,Colleague,4/6/2020,2.3,3.2,4.1,2.8,2.4,4.0,60,8,-32,1.0
8615,25/03/1986,Female,APAC,Manufacturing,Colleague,8/30/2021,2.3,3.8,4.0,3.0,3.2,4.0,60,5,-30,1.0
8415,30/04/1987,Female,UK & EMEA,Manufacturing,Colleague,4/6/2020,2.3,3.4,4.4,3.1,3.5,2.0,60,5,-16,1.0
8744,03/03/1978,Female,USA,Sales & Marketing,Colleague,5/2/2022,2.3,3.4,3.8,3.7,3.2,4.0,60,5,-16,1.0
8125,12/02/1986,Female,UK & EMEA,Sales & Marketing,Senior Leader,4/1/2015,2.3,2.5,3.8,3.7,2.6,5.0,60,5,-36,1.0
8915,30/07/1976,Male,UK & EMEA,IT Department,Colleague,1/3/2023,2.2,3.0,4.9,3.7,3.0,3.0,60,5,-36,1.0
8724,07/06/1994,Female,APAC,Research Department,Colleague,3/14/2022,2.1,3.2,3.1,3.3,2.7,2.0,60,5,-31,1.0
8350,18/03/1994,Male,UK & EMEA,Manufacturing,Colleague,8/19/2019,2.0,3.4,3.0,2.9,3.1,2.0,60,5,-31,1.0
8188,21/02/1991,Female,USA,Human Resources,Colleague,4/5/2017,2.0,2.7,3.4,3.0,2.9,4.0,60,5,-37,1.0
8378,14/10/1991,Female,APAC,Human Resources,Colleague,12/1/2019,2.0,2.9,4.0,3.2,2.7,3.0,60,5,-18,1.0
8230,05/09/1974,Female,UK & EMEA,Manufacturing,Senior Leader,1/15/2018,2.2,2.9,4.4,3.3,2.3,5.0,61,15,-21,1.0
8106,16/06/1991,Male,USA,Manufacturing,Colleague,3/10/2014,2.2,3.0,4.7,3.3,3.5,2.0,62,12,-31,1.0
8131,15/05/1986,Female,UK & EMEA,IT Department,Colleague,6/1/2015,2.0,2.9,4.1,2.4,3.1,5.0,64,13,-59,1.0
8745,27/01/1999,Male,UK & EMEA,Research Department,Colleague,5/2/2022,2.6,2.9,3.7,2.6,2.0,3.0,66,3,-29,1.0
8533,05/12/1978,Female,UK & EMEA,Sales & Marketing,Colleague,4/1/2021,2.5,3.0,3.5,2.4,2.7,4.0,66,3,-10,0.8
8336,10/01/1988,Male,UK & EMEA,Sales & Marketing,Colleague,6/10/2019,2.4,2.6,3.4,2.7,2.8,4.0,66,3,-45,1.0
8560,28/05/1972,Male,USA,IT Department,Colleague,6/8/2021,2.2,2.3,3.1,2.7,3.4,4.0,66,3,-47,1.0
8298,17/04/1990,Female,UK & EMEA,Sales & Marketing,Colleague,12/5/2018,2.1,2.2,4.2,3.2,3.0,2.0,66,3,-34,0.8
8402,13/08/1957,Male,USA,IT Department,Colleague,3/2/2020,1.9,2.7,4.0,2.9,2.3,6.0,66,3,15,1.0
8358,02/12/1986,Female,UK & EMEA,Sales & Marketing,Colleague,9/30/2019,1.9,2.3,3.6,2.2,2.2,4.0,66,3,-9,1.0
8132,12/08/1993,Female,APAC,Manufacturing,Colleague,6/29/2015,1.8,2.6,3.8,3.2,2.9,3.0,66,3,18,1.0
8290,13/09/1994,Female,UK & EMEA,Sales & Marketing,Colleague,10/22/2018,1.8,2.9,2.5,3.2,2.5,2.0,66,3,-43,1.0
8308,23/08/1968,Male,APAC,Sales & Marketing,Colleague,1/28/2019,2.1,3.2,3.6,2.8,2.7,6.0,69,9,-33,1.0
8294,17/02/1994,Male,APAC,Manufacturing,Colleague,11/19/2018,1.7,3.2,3.5,2.2,2.1,4.0,71,14,-53,1.0
8219,28/08/1979,Female,USA,Human Resources,Senior Leader,11/6/2017,2.3,2.3,3.3,2.8,2.9,4.0,72,11,-33,1.0
8112,25/07/1988,Male,APAC,Research Department,Colleague,7/1/2014,2.0,1.5,3.1,1.8,2.9,2.0,73,8,-48,1.0
8654,24/03/1986,Female,USA,Manufacturing,Colleague,10/18/2021,2.0,2.5,2.6,2.4,1.4,5.0,73,13,-57,1.0
8136,03/10/1989,Male,UK & EMEA,IT Department,Colleague,8/6/2015,1.7,2.4,4.0,2.6,2.5,4.0,73,13,-57,1.0
8611,28/08/1997,Male,APAC,Manufacturing,Colleague,8/23/2021,1.4,2.2,2.1,2.3,2.4,2.0,74,12,-23,1.0
8629,09/07/1984,Female,UK & EMEA,Manufacturing,Colleague,9/13/2021,2.2,2.2,4.8,1.5,1.9,4.0,75,4,-74,1.0
8181,10/12/1992,Male,UK & EMEA,Research Department,Colleague,3/13/2017,2.1,2.2,4.0,2.1,2.1,4.0,75,4,-90,1.0
8894,28/06/1999,Female,USA,Manufacturing,Colleague,11/14/2022,2.0,2.1,3.7,2.6,1.4,3.0,75,4,-90,1.0
8485,06/06/1988,Male,APAC,Sales & Marketing,Colleague,10/19/2020,1.9,2.4,3.6,2.0,2.4,3.0,75,4,-90,1.0
8487,15/03/1992,Female,UK & EMEA,Research Department,Colleague,10/26/2020,1.9,1.8,3.7,3.0,2.4,3.0,75,4,-90,1.0
8304,05/10/1976,Male,USA,IT Department,Colleague,1/7/2019,1.8,1.9,3.4,2.9,2.3,4.0,75,4,-90,1.0
8580,02/12/1985,Female,USA,Manufacturing,Colleague,7/12/2021,1.7,2.2,4.4,2.6,2.1,4.0,75,4,-79,1.0
8268,27/10/1984,Female,UK & EMEA,Manufacturing,Colleague,8/20/2018,1.6,2.9,3.2,2.2,2.7,3.0,75,4,-90,0.8
8066,16/01/1976,Female,APAC,Manufacturing,Colleague,11/7/2011,1.6,2.5,4.7,2.7,1.7,3.0,75,4,-90,1.0
8534,07/06/1987,Male,UK & EMEA,IT Department,Colleague,4/6/2021,1.6,2.9,3.4,2.9,2.1,4.0,75,4,-79,1.0
8513,11/12/1994,Female,UK & EMEA,Sales & Marketing,Colleague,1/4/2021,1.4,2.4,3.2,2.6,1.8,2.0,75,4,-67,1.0
8642,09/04/1997,Female,UK & EMEA,Manufacturing,Colleague,9/27/2021,1.4,2.6,3.5,2.6,3.0,2.0,75,4,-70,1.0
8670,21/10/1981,Male,UK & EMEA,Sales & Marketing,Colleague,11/15/2021,1.4,2.1,3.3,1.6,2.3,3.0,75,4,-73,0.8
8956,02/12/1994,Female,APAC,Sales & Marketing,Colleague,4/10/2023,1.3,2.2,2.1,1.7,2.0,4.0,75,4,-90,1.0
8879,01/04/1976,Female,APAC,Manufacturing,Colleague,11/1/2022,1.7,2.6,3.5,1.8,2.0,4.0,77,10,-33,1.0
8528,15/10/1975,Male,UK & EMEA,IT Department,Senior Leader,3/29/2021,1.7,1.7,2.8,2.4,2.5,4.0,77,10,-23,1.0
8832,09/03/1971,Male,USA,Sales & Marketing,Colleague,9/6/2022,1.9,1.9,3.5,2.8,2.4,6.0,78,14,-49,1.0
8898,11/02/1986,Female,USA,Research Department,Colleague,11/28/2022,1.5,2.2,3.2,2.4,2.9,5.0,79,14,-48,1.0
8587,14/10/1998,Male,UK & EMEA,Manufacturing,Colleague,7/26/2021,1.8,1.5,2.9,1.8,2.3,4.0,80,5,-61,1.0
8612,22/06/1995,Female,APAC,Manufacturing,Colleague,8/23/2021,1.8,1.6,3.1,1.9,2.1,3.0,80,5,-64,1.0
8908,27/11/2003,Female,USA,Manufacturing,Colleague,12/28/2022,1.8,2.0,2.1,1.9,1.8,3.0,80,5,-56,1.0
8433,26/05/1984,Female,APAC,Sales & Marketing,Colleague,5/6/2020,1.7,1.8,2.9,2.4,2.1,5.0,80,5,-66,1.0
8831,27/10/1985,Male,USA,Research Department,Colleague,9/6/2022,1.7,1.3,3.1,1.8,2.0,5.0,80,5,-90,1.0
8980,04/07/1995,Male,UK & EMEA,Sales & Marketing,Colleague,6/26/2023,1.7,1.7,2.8,2.3,1.7,3.0,80,5,-59,1.0
8420,24/10/1996,Male,UK & EMEA,Sales & Marketing,Colleague,4/6/2020,1.7,2.1,2.6,2.1,2.1,4.0,80,5,-90,1.0
8935,12/11/1994,Female,UK & EMEA,Human Resources,Colleague,2/6/2023,1.6,2.3,3.0,2.2,2.5,2.0,80,5,-90,1.0
8192,28/07/1988,Female,UK & EMEA,Human Resources,Colleague,4/24/2017,1.6,2.5,3.1,2.2,1.9,2.0,80,5,-90,1.0
8600,19/06/1997,Male,APAC,Manufacturing,Colleague,8/9/2021,1.6,1.4,3.4,2.0,1.9,3.0,80,5,-58,1.0
8542,07/02/1977,Male,UK & EMEA,Research Department,Colleague,5/4/2021,1.4,2.6,2.4,1.4,2.5,4.0,80,5,-51,1.0
8921,27/08/1995,Male,UK & EMEA,Manufacturing,Colleague,1/9/2023,1.4,2.4,2.9,2.3,2.0,2.0,80,5,-90,1.0
8981,01/08/1977,Male,UK & EMEA,IT Department,Colleague,6/26/2023,1.3,2.0,2.8,2.8,1.9,5.0,80,5,-53,1.0
8437,20/04/1988,Female,APAC,Sales & Marketing,Colleague,5/11/2020,1.3,1.8,3.0,2.1,1.2,2.0,80,5,-47,1.0
8335,11/09/1981,Female,UK & EMEA,Research Department,Colleague,6/10/2019,1.2,2.7,3.6,1.8,1.8,5.0,80,5,-51,1.0
8390,25/06/1983,Female,UK & EMEA,Research Department,Colleague,1/20/2020,1.2,1.8,3.7,2.3,2.1,5.0,80,5,-85,1.0
8068,10/05/1988,Female,APAC,Research Department,Colleague,2/27/2012,1.2,2.2,2.7,1.2,1.7,2.0,80,5,-83,1.0
8193,19/01/1986,Male,APAC,Sales & Marketing,Colleague,5/2/2017,1.1,1.9,2.7,1.8,1.6,4.0,80,5,-90,1.0
8034,10/09/1986,Female,UK & EMEA,Sales & Marketing,Colleague,1/26/2009,1.1,2.1,2.3,1.5,1.6,3.0,80,5,-59,1.0
8072,30/09/1989,Female,USA,Manufacturing,Colleague,6/30/2012,1.1,2.3,3.1,2.2,1.5,3.0,80,5,-90,1.0
8126,17/08/1992,Female,APAC,Manufacturing,Colleague,4/27/2015,1.1,2.2,4.0,1.4,2.4,3.0,80,5,-90,1.0
8919,25/02/1988,Female,UK & EMEA,Sales & Marketing,Senior Leader,1/9/2023,1.8,2.2,3.4,2.2,1.7,2.0,81,9,-81,1.0
8344,08/01/1996,Female,UK & EMEA,Sales & Marketing,Colleague,8/1/2019,1.3,2.0,2.9,2.1,2.4,4.0,81,14,-90,1.0
8684,09/11/1992,Female,APAC,Sales & Marketing,Colleague,12/20/2021,1.2,1.8,2.2,1.8,2.0,4.0,83,15,-73,1.0
8837,17/10/1967,Female,UK & EMEA,Sales & Marketing,Colleague,9/12/2022,1.0,1.7,2.7,1.9,1.4,6.0,83,12,-69,1.0
8080,05/10/1989,Female,UK & EMEA,Sales & Marketing,Senior Leader,8/1/2012,1.4,2.1,2.8,1.7,1.9,4.0,84,7,-85,1.0
8094,29/12/1988,Female,APAC,Research Department,Colleague,9/22/2013,1.0,1.7,3.0,1.7,1.9,3.0,84,9,-73,1.0
8805,25/06/1999,Male,USA,Manufacturing,Colleague,8/1/2022,1.7,1.1,2.5,2.3,0.8,4.0,86,8,-90,1.0
8643,02/09/1998,Female,UK & EMEA,Manufacturing,Colleague,9/27/2021,1.4,2.3,2.4,1.6,1.6,3.0,86,14,-64,1.0
8676,10/12/1989,Female,APAC,Sales & Marketing,Colleague,11/29/2021,1.3,1.6,2.9,1.8,1.6,4.0,86,13,-78,1.0
8256,30/10/1995,Female,APAC,Research Department,Colleague,6/19/2018,1.3,2.0,3.2,1.2,1.2,4.0,90,7,-80,1.0
8169,28/05/1971,Male,UK & EMEA,IT Department,Colleague,11/21/2016,1.2,1.6,2.6,2.0,1.2,4.0,93,8,-85,1.0
8259,07/05/1992,Female,APAC,Manufacturing,Colleague,7/10/2018,1.2,0.7,2.4,0.9,0.9,4.0,94,11,-90,1.0
8925,01/01/2000,Male,UK & EMEA,IT Department,Senior Leader,1/16/2023,0.8,1.4,2.5,1.2,1.5,4.0,95,15,-61,1.0
8529,29/12/1998,Female,APAC,Manufacturing,Colleague,3/29/2021,0.6,1.5,2.0,1.7,2.0,4.0,95,11,-71,1.0
8838,16/06/1988,Female,APAC,Manufacturing,Colleague,9/12/2022,0.4,0.9,3.0,0.6,0.7,3.0,96,7,-90,1.0
8711,11/08/1995,Female,APAC,Research Department,Colleague,2/14/2022,0.3,1.6,2.5,0.8,0.9,2.0,96,15,-90,1.0
8478,10/01/1997,Male,APAC,Research Department,Colleague,9/21/2020,0.7,1.1,2.0,1.6,1.6,3.0,97,12,-85,1.0
8322,05/12/1980,Male,APAC,Finance,Colleague,4/8/2019,1.0,1.1,0.9,1.6,0.8,3.0,100,3,-49,1.0
8307,06/09/1996,Female,UK & EMEA,Research Department,Colleague,1/21/2019,1.0,0.8,1.9,0.8,1.4,4.0,100,1,-45,1.0
8401,22/08/1980,Male,USA,Sales & Marketing,Senior Leader,3/2/2020,0.9,0.6,2.0,1.4,0.4,5.0,100,3,-65,1.0
8764,07/03/1990,Male,UK & EMEA,Finance,Colleague,6/6/2022,0.9,1.0,0.7,1.3,0.3,2.0,100,1,-18,1.0
8114,11/08/1975,Female,UK & EMEA,Sales & Marketing,Colleague,9/4/2014,0.9,1.4,2.3,1.1,0.7,5.0,100,6,-87,1.0
8622,22/08/1995,Female,APAC,Manufacturing,Colleague,9/6/2021,0.9,1.0,2.8,1.3,0.5,4.0,100,1,-90,1.0
8171,05/10/1989,Male,UK & EMEA,IT Department,Colleague,12/19/2016,0.9,1.4,1.7,0.5,1.5,2.0,100,3,-90,1.0
8376,28/12/1985,Male,USA,Research Department,Colleague,11/25/2019,0.8,1.2,2.0,0.9,0.6,3.0,100,6,-74,1.0
8342,01/06/1989,Female,UK & EMEA,Finance,Colleague,7/22/2019,0.8,1.0,1.9,1.6,1.7,3.0,100,1,-45,1.0
8563,12/06/1966,Male,USA,Sales & Marketing,Senior Leader,6/14/2021,0.8,1.7,1.8,1.0,1.0,5.0,100,5,-78,1.0
8863,22/12/1987,Female,UK & EMEA,Manufacturing,Colleague,10/17/2022,0.8,1.0,2.2,1.4,1.2,2.0,100,5,-76,1.0
8592,16/12/1986,Female,USA,Sales & Marketing,Colleague,8/2/2021,0.7,1.3,2.1,1.1,0.9,3.0,100,6,-69,1.0
8951,07/02/1989,Male,USA,Research Department,Colleague,3/31/2023,0.7,1.3,2.7,1.2,1.8,3.0,100,5,-79,1.0
8113,10/08/1988,Male,UK & EMEA,Manufacturing,Colleague,7/7/2014,0.7,0.4,2.5,1.1,1.6,2.0,100,2,-28,1.0
8588,26/02/1998,Female,APAC,Manufacturing,Colleague,7/26/2021,0.7,1.0,1.5,1.1,0.8,4.0,100,1,-30,1.0
8351,30/05/1993,Female,UK & EMEA,Manufacturing,Colleague,8/27/2019,0.7,0.6,1.7,0.8,0.8,2.0,100,2,-32,1.0
8875,14/07/1996,Female,APAC,Research Department,Colleague,10/31/2022,0.7,0.6,1.9,1.3,1.4,2.0,100,1,-67,1.0
8582,31/10/2000,Male,UK & EMEA,Manufacturing,Colleague,7/19/2021,0.7,0.8,1.6,1.1,0.6,3.0,100,6,-20,1.0
8105,19/02/1985,Male,UK & EMEA,IT Department,Colleague,2/17/2014,0.7,1.4,2.1,0.8,0.5,4.0,100,1,-31,1.0
8802,09/05/2000,Female,UK & EMEA,Research Department,Colleague,8/1/2022,0.6,0.5,1.9,1.3,0.7,2.0,100,2,-34,1.0
8593,27/01/1984,Male,UK & EMEA,Manufacturing,Colleague,8/2/2021,0.6,0.9,1.9,0.9,1.0,3.0,100,2,-32,1.0
8920,13/12/1986,Male,APAC,Human Resources,Colleague,1/9/2023,0.6,1.1,2.1,1.1,0.9,2.0,100,3,-90,1.0
8995,17/01/1997,Female,USA,Manufacturing,Colleague,7/17/2023,0.6,1.1,1.7,1.2,0.4,2.0,100,2,-90,1.0
8276,06/06/1993,Male,USA,Manufacturing,Colleague,9/11/2018,0.6,0.7,2.4,1.0,1.7,3.0,100,1,-69,1.0
8728,22/11/1999,Female,UK & EMEA,Research Department,Colleague,4/4/2022,0.6,1.3,1.3,1.5,1.0,4.0,100,1,-90,1.0
8202,14/04/1995,Male,UK & EMEA,IT Department,Colleague,8/29/2017,0.6,0.5,1.8,1.7,0.4,3.0,100,5,-77,1.0
8235,26/04/1996,Female,UK & EMEA,Finance,Colleague,2/1/2018,0.5,0.6,2.1,0.2,1.0,4.0,100,8,-60,1.0
8429,25/01/1997,Female,APAC,Research Department,Colleague,4/20/2020,0.5,0.3,1.7,1.1,1.2,2.0,100,1,-90,1.0
8439,03/04/1995,Female,APAC,Research Department,Colleague,5/25/2020,0.5,0.6,1.6,0.8,1.4,2.0,100,1,-76,1.0
8360,06/06/1983,Female,UK & EMEA,IT Department,Colleague,10/7/2019,0.4,1.0,1.0,1.5,1.2,3.0,100,5,-75,1.0
8295,23/06/1996,Female,UK & EMEA,Sales & Marketing,Colleague,11/26/2018,0.4,1.1,2.4,0.8,1.5,2.0,100,5,-81,1.0
8052,09/08/1988,Male,APAC,Research Department,Colleague,9/20/2010,0.4,1.8,1.0,0.4,1.0,2.0,100,5,-70,1.0
8362,15/08/1992,Female,APAC,Manufacturing,Colleague,10/8/2019,0.4,0.3,2.1,1.7,1.0,2.0,100,3,-75,1.0
8497,28/07/1994,Male,USA,Manufacturing,Colleague,11/3/2020,0.4,1.3,1.6,0.4,1.4,3.0,100,5,-73,1.0
8538,16/07/1992,Female,APAC,Research Department,Colleague,4/19/2021,0.4,1.5,1.8,1.2,0.3,3.0,100,5,-80,1.0
8236,02/05/1987,Female,UK & EMEA,Research Department,Colleague,2/5/2018,0.4,1.5,3.4,1.0,0.5,4.0,100,2,-90,1.0
8121,10/01/1979,Female,UK & EMEA,IT Department,Colleague,11/26/2014,0.3,1.7,2.9,1.1,0.8,5.0,100,1,-70,1.0
8645,27/05/1987,Male,UK & EMEA,IT Department,Colleague,10/4/2021,0.3,0.6,2.4,1.0,1.2,3.0,100,1,-48,1.0
8913,01/09/1970,Male,UK & EMEA,Sales & Marketing,Colleague,1/3/2023,0.3,1.4,2.0,1.7,1.6,4.0,100,2,-31,0.8
8627,30/12/1985,Male,UK & EMEA,IT Department,Colleague,9/13/2021,0.2,0.7,1.2,0.5,1.5,4.0,100,2,-28,1.0
8638,08/08/1999,Female,APAC,Manufacturing,Colleague,9/22/2021,0.2,1.2,1.1,0.4,1.2,4.0,100,1,-56,1.0
8583,25/10/1999,Female,APAC,Research Department,Colleague,7/19/2021,0.2,0.6,1.3,0.7,0.9,2.0,100,2,-26,1.0
8727,11/11/1968,Male,USA,Finance,Colleague,3/28/2022,0.2,1.3,1.4,0.8,0.8,4.0,100,1,-40,1.0
8172,26/11/1987,Female,APAC,Manufacturing,Colleague,12/23/2016,0.2,0.8,2.1,1.7,0.7,3.0,100,4,-90,1.0
8370,19/12/1983,Male,UK & EMEA,Manufacturing,Colleague,11/4/2019,0.2,0.5,1.7,1.3,1.3,5.0,100,1,-71,1.0
8252,08/12/1993,Male,USA,Manufacturing,Colleague,5/14/2018,0.1,1.8,2.4,0.9,1.3,3.0,100,2,-37,1.0
8436,26/04/1982,Male,UK & EMEA,Manufacturing,Senior Leader,5/11/2020,0.1,0.2,1.9,1.1,1.2,3.0,100,1,-64,1.0
8523,17/09/1979,Male,APAC,Manufacturing,Colleague,2/18/2021,0.1,0.5,2.7,1.5,1.3,5.0,100,3,-66,1.0
8438,23/11/1990,Male,APAC,Sales & Marketing,Colleague,5/11/2020,0.1,0.7,2.2,0.6,1.1,3.0,100,5,-75,1.0
8332,07/06/1986,Male,USA,Sales & Marketing,Colleague,5/27/2019,0.1,1.2,1.6,1.4,0.6,4.0,100,2,-35,1.0
8409,10/02/1961,Male,USA,Research Department,Colleague,3/23/2020,0.1,1.0,1.9,1.1,1.2,6.0,100,5,-76,1.0
8451,11/03/1981,Female,USA,Research Department,Colleague,7/6/2020,0.1,0.6,2.4,1.4,0.9,4.0,100,1,-47,1.0
8365,16/05/1982,Male,UK & EMEA,Research Department,Colleague,10/14/2019,0.1,0.2,3.0,1.1,0.9,5.0,100,1,-83,1.0
8673,11/04/1992,Male,APAC,Research Department,Colleague,11/22/2021,0.0,1.5,2.7,1.0,1.8,3.0,100,5,-69,1.0
8968,04/04/1996,Female,UK & EMEA,Manufacturing,Colleague,5/3/2023,0.0,1.2,2.6,0.5,1.2,3.0,100,1,-38,1.0
8316,25/09/1980,Female,APAC,Sales & Marketing,Colleague,3/13/2019,0.0,1.5,1.9,0.2,0.9,5.0,100,5,-68,1.0
8445,23/04/1959,Female,UK & EMEA,Finance,Colleague,6/15/2020,0.0,1.5,1.7,1.0,1.2,4.0,100,5,-71,1.0
